"","stat","threshi"
"1","georgia",0.4075
"2","mississippi",0.347787109119983
"3","florida",0.423621717171717
"4","northcarolina",0.373999983333334
"5","california",0.5523171735
